Id,Label,timeset,count,modularity_class,clustering,triangles,eigencentrality
4273,4273,,18,0,0.166667,1,0.066988
4316,4316,,53,0,0.333333,1,0.064976
4202,4202,,102,0,0.043956,4,0.447288
9382,9382,,29,0,0,0,0.012739
4120,4120,,3,0,0,0,0.009611
5481,5481,,9,0,0,0,0.012284
4160,4160,,33,2,0,0,0.002941
3847,3847,,147,2,0.166667,1,0.05138
4246,4246,,157,1,0,0,0.003926
5283,5283,,12,2,0,0,0.010051
4126,4126,,92,4,0.032967,3,0.315027
4173,4173,,14,2,1,1,0.014019
18561,18561,,35,1,0,0,0.003926
4288,4288,,9,2,0.333333,1,0.032387
4020,4020,,32,4,0,0,0.041363
3890,3890,,89,6,0.363636,20,0.438619
6842,6842,,189,3,0.077922,18,0.643749
4162,4162,,37,4,0,0,0.041363
3744,3744,,55,4,0,0,0.099173
4010,4010,,98,13,0.305556,11,0.358092
12361,12361,,5,4,0,0,0.043654
9481,9481,,74,18,0.055556,2,0.229646
21101,21101,,10,36,0.166667,1,0.070525
3782,3782,,70,32,0.138889,5,0.440517
7481,7481,,2,4,0,0,0.039298
4236,4236,,20,26,0,0,0.044625
20822,20822,,3,4,0,0,0.039298
20603,20603,,2,5,1,3,0.01092
20223,20223,,2,5,1,3,0.01092
20164,20164,,2,5,1,3,0.01092
18861,18861,,2,5,1,3,0.01092
12721,12721,,16,4,0,0,0.006318
4003,4003,,22,7,0,0,0.056195
3753,3753,,214,6,0.348485,23,0.451743
4412,4412,,2,7,0,0,0.00788
3808,3808,,2,7,0,0,0.00788
20567,20567,,7,8,0,0,0
6323,6323,,13,9,0,0,0
4269,4269,,9,10,0,0,0.006947
4278,4278,,29,10,0,0,0.006947
4178,4178,,2,10,0,0,0.003011
3946,3946,,13,10,0,0,0.005529
3813,3813,,5,10,0,0,0.006022
18822,18822,,16,10,0,0,0.003011
4080,4080,,6,11,0,0,0.001558
4245,4245,,4,11,0,0,0.001558
24145,24145,,4,12,0,0,0.001558
23928,23928,,5,12,0,0,0.001558
4169,4169,,87,6,0.166667,11,0.379802
4157,4157,,115,6,0.333333,7,0.303777
3962,3962,,82,6,0.47619,10,0.301632
3833,3833,,81,13,0.464286,13,0.321683
15081,15081,,89,3,0.380952,8,0.337415
4011,4011,,35,13,0.254545,14,0.369867
4304,4304,,35,34,0.066667,1,0.079499
6321,6321,,12,3,0.142857,3,0.38956
3767,3767,,15,13,0.333333,5,0.269852
4303,4303,,13,13,0.5,3,0.145486
3931,3931,,24,3,0.333333,2,0.184883
3995,3995,,18,18,0.266667,4,0.22977
3900,3900,,8,14,0.409091,27,0.544208
6164,6164,,5,14,0.933333,14,0.408746
6221,6221,,4,14,0.694444,25,0.505627
6203,6203,,4,14,1,6,0.265212
6202,6202,,4,14,0.694444,25,0.505627
6825,6825,,41,15,0.07,21,0.855423
4081,4081,,49,16,0.063492,24,0.903456
7423,7423,,4,14,0.678571,19,0.469384
7461,7461,,9,14,0.7,7,0.323501
4027,4027,,2,14,0,0,0.058514
6227,6227,,2,14,1,3,0.192516
4001,4001,,7,14,0.555556,20,0.479803
10341,10341,,3,14,0,0,0.058514
5861,5861,,496,17,0,0,0.001558
3832,3832,,4,17,0,0,0.001558
4069,4069,,33,18,0,0,0.030172
14282,14282,,4,18,0,0,0.005
3837,3837,,3,19,1,1,0.004774
4077,4077,,18,19,1,1,0.004774
4031,4031,,2,19,1,1,0.004774
24739,24739,,2,25,0,0,0.00907
4084,4084,,12,25,0.428571,9,0.041729
24221,24221,,2,20,1,3,0.01092
15601,15601,,2,20,1,3,0.01092
16801,16801,,3,20,1,3,0.01092
16662,16662,,2,20,1,3,0.01092
24728,24728,,4,21,0,0,0.001558
24073,24073,,4,21,0,0,0.001558
14821,14821,,4,72,0,0,0.011176
14921,14921,,43,72,0,0,0.057605
5322,5322,,5,72,0,0,0.00478
5701,5701,,4,22,0,0,0.001558
3825,3825,,8,22,0,0,0.001558
18021,18021,,2,16,0,0,0.099003
24915,24915,,2,23,0,0,0.001558
24922,24922,,2,23,0,0,0.001558
4195,4195,,8,24,0,0,0.001558
4196,4196,,8,24,0,0,0.001558
16041,16041,,3,25,1,3,0.022814
16042,16042,,3,25,1,3,0.022814
5862,5862,,5,25,0.6,9,0.039641
5401,5401,,5,25,1,6,0.030969
4209,4209,,5,25,1,6,0.030969
5281,5281,,4,25,1,6,0.030969
20166,20166,,5,26,0,0,0.006777
4318,4318,,25,26,0,0,0.02163
4074,4074,,32,26,0,0,0.004306
18181,18181,,32,15,0,0,0.132523
4267,4267,,10,26,0,0,0.011584
14261,14261,,2,27,0,0,0.001558
3789,3789,,3,27,0,0,0.001558
3740,3740,,83,36,0,0,0.285964
4007,4007,,71,36,0.066667,1,0.105812
4201,4201,,3,36,0,0,0.032197
3930,3930,,62,36,0,0,0.206198
3739,3739,,62,36,0,0,0.206198
18701,18701,,5,28,0.805556,29,0.258444
17201,17201,,26,28,1,21,0.210638
18742,18742,,6,28,0.805556,29,0.258444
18702,18702,,5,28,0.805556,29,0.258444
24746,24746,,4,28,0.964286,27,0.233858
24163,24163,,4,28,0.964286,27,0.233858
4260,4260,,5,28,0.964286,27,0.233858
18703,18703,,4,28,0.964286,27,0.233858
18741,18741,,4,28,1,21,0.210638
5964,5964,,38,72,0,0,0.018903
4361,4361,,5,72,0,0,0.008768
3741,3741,,5,72,0,0,0.004342
3912,3912,,7,26,0,0,0.002285
4981,4981,,2,6,0,0,0.034923
7422,7422,,5,29,0,0,0.003335
20526,20526,,3,29,0,0,0.002133
8761,8761,,5,29,0,0,0.002133
18605,18605,,3,30,1,55,1
24482,24482,,2,30,1,55,1
24483,24483,,2,30,1,55,1
24262,24262,,2,30,1,55,1
24102,24102,,2,30,1,55,1
24484,24484,,2,30,1,55,1
18481,18481,,3,30,1,55,1
24106,24106,,2,30,1,55,1
23827,23827,,2,30,1,55,1
18602,18602,,3,30,1,55,1
18601,18601,,3,30,1,55,1
18604,18604,,3,30,1,55,1
4103,4103,,24,6,0.4,4,0.214699
24871,24871,,3,6,0,0,0.024873
9621,9621,,88,36,0,0,0.012032
19861,19861,,30,36,0,0,0.003119
3845,3845,,134,31,0,0,0
16002,16002,,15,32,1,1,0.011046
6561,6561,,18,32,0.666667,2,0.018435
11701,11701,,46,32,0.2,2,0.033029
4257,4257,,18,3,0.1,1,0.105648
4073,4073,,5,42,0,0,0.018594
4068,4068,,74,0,0,0,0.066388
9482,9482,,3,3,1,1,0.089362
4030,4030,,7,42,0.1,1,0.032137
4312,4312,,5,33,0,0,0.001558
9383,9383,,4,33,0,0,0.001558
3809,3809,,28,42,0.333333,1,0.019431
3862,3862,,2,34,1,1,0.008961
4301,4301,,5,34,0.666667,2,0.019186
4005,4005,,4,34,0.666667,2,0.019186
4094,4094,,53,2,0.333333,5,0.167318
24321,24321,,3,35,0,0,0.001558
3893,3893,,12,35,0,0,0.001558
3779,3779,,9,36,0.333333,2,0.110541
19881,19881,,2,36,0,0,0.013857
6222,6222,,2,14,1,6,0.25245
3826,3826,,5,47,1,1,0.008017
3877,3877,,25,47,0.166667,1,0.022374
4313,4313,,3,47,1,1,0.008017
20201,20201,,27,1,0,0,0.002244
9743,9743,,27,43,0.3,3,0.15686
11493,11493,,24,43,0.333333,2,0.104623
4072,4072,,31,43,0.3,3,0.15686
4348,4348,,107,3,0,0,0.093569
7441,7441,,5,36,1,1,0.089462
3831,3831,,12,37,0,0,0.001558
16502,16502,,2,37,0,0,0.001558
4723,4723,,4,4,0,0,0.006318
5881,5881,,2,70,0,0,0.002244
3863,3863,,15,70,0,0,0.003926
24748,24748,,2,38,1,15,0.080797
4302,4302,,3,38,0.761905,16,0.085199
9961,9961,,2,38,1,15,0.080797
3958,3958,,3,38,0.761905,16,0.085199
8043,8043,,2,38,1,15,0.080797
9241,9241,,2,38,1,15,0.080797
12261,12261,,2,38,1,15,0.080797
5721,5721,,18,39,0,0,0.001558
17004,17004,,2,39,0,0,0.001558
4177,4177,,8,70,0,0,0.003926
20343,20343,,18,47,0,0,0.006925
3905,3905,,3,4,0,0,0.014087
3959,3959,,2,4,0,0,0.014087
4055,4055,,25,18,0,0,0.069635
21841,21841,,4,40,0,0,0.197296
4624,4624,,19,40,0.333333,1,0.027526
25147,25147,,3,40,1,1,0.007646
25148,25148,,2,40,1,1,0.007646
10901,10901,,4,41,1,1,0.005514
4228,4228,,5,41,0.333333,1,0.006845
3746,3746,,2,41,1,1,0.005514
11241,11241,,12,0,0,0,0.058612
4116,4116,,26,0,0,0,0.008317
14081,14081,,30,42,0.333333,1,0.063181
3881,3881,,13,0,0,0,0.054389
4204,4204,,2,0,0,0,0.064987
4052,4052,,14,43,0.5,3,0.063769
3899,3899,,13,43,0.5,3,0.063769
4168,4168,,10,43,0.6,6,0.071887
4193,4193,,54,32,0,0,0.054513
19001,19001,,126,44,0,0,0
3925,3925,,288,45,0,0,0.001558
20282,20282,,19,42,0,0,0.006501
11942,11942,,21,42,0,0,0.006501
19002,19002,,123,45,0,0,0.001558
3754,3754,,22,72,0,0,0.019817
3821,3821,,9,46,0,0,0
14481,14481,,7,47,0,0,0.00265
13202,13202,,99,0,0,0,0.021067
4133,4133,,3,34,0,0,0.011792
3970,3970,,2,34,0,0,0.011792
4239,4239,,11,3,0,0,0.01275
8361,8361,,10,3,0,0,0.01275
20226,20226,,2,4,0,0,0.00694
14001,14001,,2,4,0,0,0.00694
6082,6082,,3,48,0,0,0.001558
24643,24643,,2,48,0,0,0.001558
3960,3960,,2,16,0,0,0.192341
3852,3852,,9,18,0,0,0.028238
14641,14641,,29,32,0.333333,1,0.060551
25008,25008,,2,49,0,0,0.001558
22322,22322,,3,49,0,0,0.001558
8162,8162,,33,50,0,0,0.00583
6104,6104,,14,50,1,1,0.006554
4019,4019,,7,50,0,0,0.00583
3743,3743,,23,50,0.333333,1,0.008511
3864,3864,,40,1,0,0,0.002244
20528,20528,,5,50,0.333333,1,0.008511
17701,17701,,13,26,0,0,0.007092
22961,22961,,5,15,0.333333,2,0.232283
14741,14741,,6,15,0.5,3,0.2295
13702,13702,,18,15,0.333333,1,0.077606
14942,14942,,4,15,0,0,0.217957
4276,4276,,4,16,0.333333,1,0.206323
6843,6843,,3,16,0,0,0.192341
7221,7221,,2,16,0,0,0.192341
4338,4338,,7,16,0,0,0.201212
12961,12961,,5,15,0.3,3,0.243584
25187,25187,,4,15,0.666667,2,0.218199
14941,14941,,2,16,1,1,0.121891
10921,10921,,17,32,0,0,0.049505
15423,15423,,3,51,1,1,0.004774
15424,15424,,3,51,1,1,0.004774
15425,15425,,3,51,1,1,0.004774
7501,7501,,2,10,0,0,0.005529
5967,5967,,5,52,0,0,0.001558
5105,5105,,4,52,0,0,0.001558
18883,18883,,8,53,0,0,0.001558
18801,18801,,4,53,0,0,0.001558
4013,4013,,2,54,0,0,0.001558
13664,13664,,2,54,0,0,0.001558
16081,16081,,2,55,0,0,0.001558
17301,17301,,2,55,0,0,0.001558
18281,18281,,2,56,0,0,0.001558
18282,18282,,2,56,0,0,0.001558
13961,13961,,2,57,0,0,0.001558
20208,20208,,2,57,0,0,0.001558
13381,13381,,2,58,1,1,0.009291
4825,4825,,3,58,0.666667,4,0.015712
3871,3871,,3,58,0.666667,4,0.015712
11721,11721,,5,59,0,0,0.001558
12242,12242,,3,59,0,0,0.001558
3896,3896,,3,60,0.333333,1,0.006845
3976,3976,,2,60,1,1,0.005514
3975,3975,,2,60,0,0,0.002998
4187,4187,,2,60,1,1,0.005514
16021,16021,,3,61,0,0,0.001558
14042,14042,,4,61,0,0,0.001558
4341,4341,,4,62,0,0,0.001558
10222,10222,,2,62,0,0,0.001558
3758,3758,,2,38,1,1,0.028057
16643,16643,,2,63,0,0,0.001558
15641,15641,,2,63,0,0,0.001558
16601,16601,,9,64,0,0,0.002133
20362,20362,,15,64,0,0,0.002133
20083,20083,,4,64,0,0,0.003335
4140,4140,,5,3,0,0,0.043246
4163,4163,,4,67,0,0,0.003926
11421,11421,,4,67,0,0,0.003926
3854,3854,,2,67,0,0,0.002244
4151,4151,,2,41,0,0,0.002998
4078,4078,,4,65,0,0,0.001558
3811,3811,,4,65,0,0,0.001558
4096,4096,,8,66,0,0,0.001558
3827,3827,,7,66,0,0,0.001558
4238,4238,,10,0,0,0,0.007458
18781,18781,,2,67,0,0,0.002244
6522,6522,,3,68,0,0,0.001558
4319,4319,,4,68,0,0,0.001558
4823,4823,,2,58,1,3,0.013285
4824,4824,,2,58,1,3,0.013285
6021,6021,,2,69,0,0,0.001558
9901,9901,,4,69,0,0,0.001558
3942,3942,,7,70,0,0,0.002244
4224,4224,,3,71,1,1,0.00659
4360,4360,,4,71,0.666667,2,0.008664
7381,7381,,4,71,0.666667,2,0.008664
5321,5321,,2,72,0,0,0.002328
12901,12901,,3,71,1,1,0.00659
12321,12321,,3,73,0,0,0.001558
13301,13301,,2,73,0,0,0.001558
4277,4277,,3,74,0,0,0.001558
5107,5107,,4,74,0,0,0.001558
4249,4249,,3,75,0,0,0.001558
4212,4212,,3,75,0,0,0.001558
3908,3908,,4,16,0,0,0.073823
6848,6848,,2,76,1,1,0.004774
4036,4036,,2,76,1,1,0.004774
4035,4035,,2,76,1,1,0.004774
4137,4137,,2,77,0,0,0.001558
3921,3921,,2,77,0,0,0.001558
3938,3938,,3,78,0,0,0.001558
3791,3791,,2,78,0,0,0.001558
6523,6523,,2,79,0,0,0.001558
22301,22301,,2,79,0,0,0.001558
4272,4272,,4,80,0,0,0.001558
3787,3787,,2,80,0,0,0.001558
4000,4000,,3,81,0,0,0.001558
4329,4329,,4,81,0,0,0.001558
25186,25186,,3,82,0,0,0.001558
25227,25227,,3,82,0,0,0.001558
23981,23981,,2,83,0,0,0
16161,16161,,2,84,0,0,0
24628,24628,,1,85,0,0,0
24582,24582,,1,86,0,0,0
16501,16501,,11,87,0,0,0
12641,12641,,2,88,0,0,0
21521,21521,,2,89,0,0,0
3795,3795,,8,90,0,0,0
4406,4406,,2,91,0,0,0
24175,24175,,2,92,0,0,0
4333,4333,,6,93,0,0,0
24845,24845,,1,94,0,0,0
10821,10821,,3,95,0,0,0
3851,3851,,3,96,0,0,0
22722,22722,,1,97,0,0,0
20561,20561,,1,98,0,0,0
24796,24796,,1,99,0,0,0
3857,3857,,4,100,0,0,0
20481,20481,,1,101,0,0,0
24735,24735,,1,102,0,0,0
24876,24876,,1,103,0,0,0
24671,24671,,1,104,0,0,0
22741,22741,,2,105,0,0,0
4397,4397,,55,106,0,0,0
13761,13761,,21,107,0,0,0
23782,23782,,2,108,0,0,0
21846,21846,,5,109,0,0,0
24931,24931,,1,110,0,0,0
3836,3836,,26,111,0,0,0
23801,23801,,1,112,0,0,0
24223,24223,,1,113,0,0,0
24795,24795,,1,114,0,0,0
24867,24867,,1,115,0,0,0
22783,22783,,1,116,0,0,0
6405,6405,,2,117,0,0,0
17521,17521,,2,118,0,0,0
25106,25106,,1,119,0,0,0
24718,24718,,1,120,0,0,0
18901,18901,,2,121,0,0,0
25029,25029,,1,122,0,0,0
24403,24403,,1,123,0,0,0
6781,6781,,1,124,0,0,0
24083,24083,,1,125,0,0,0
6161,6161,,4,126,0,0,0
23361,23361,,2,127,0,0,0
24811,24811,,2,128,0,0,0
7402,7402,,8,129,0,0,0
24074,24074,,2,130,0,0,0
14103,14103,,12,131,0,0,0
23701,23701,,1,132,0,0,0
25050,25050,,1,133,0,0,0
4189,4189,,3,134,0,0,0
16202,16202,,2,135,0,0,0
24927,24927,,1,136,0,0,0
24803,24803,,1,137,0,0,0
15501,15501,,1,138,0,0,0
18782,18782,,1,139,0,0,0
24918,24918,,1,140,0,0,0
4070,4070,,6,141,0,0,0
13621,13621,,1,142,0,0,0
15261,15261,,1,143,0,0,0
3895,3895,,3,144,0,0,0
23522,23522,,1,145,0,0,0
24085,24085,,1,146,0,0,0
24814,24814,,1,147,0,0,0
24485,24485,,4,148,0,0,0
3752,3752,,34,149,0,0,0
24743,24743,,1,150,0,0,0
24741,24741,,1,151,0,0,0
24901,24901,,2,152,0,0,0
9601,9601,,7,153,0,0,0
24911,24911,,1,154,0,0,0
21002,21002,,2,155,0,0,0
24261,24261,,1,156,0,0,0
23424,23424,,10,157,0,0,0
23826,23826,,1,158,0,0,0
13241,13241,,3,159,0,0,0
4155,4155,,29,160,0,0,0
5127,5127,,2,161,0,0,0
25003,25003,,1,162,0,0,0
23481,23481,,1,163,0,0,0
25004,25004,,1,164,0,0,0
4298,4298,,14,165,0,0,0
24707,24707,,1,166,0,0,0
24884,24884,,15,167,0,0,0
4082,4082,,2,168,0,0,0
24022,24022,,2,169,0,0,0
3735,3735,,5,170,0,0,0
11485,11485,,1,171,0,0,0
24765,24765,,1,172,0,0,0
5201,5201,,1,173,0,0,0
9082,9082,,13,174,0,0,0
23883,23883,,2,175,0,0,0
23861,23861,,3,176,0,0,0
25013,25013,,1,177,0,0,0
4067,4067,,17,178,0,0,0
24783,24783,,1,179,0,0,0
23121,23121,,1,180,0,0,0
25045,25045,,1,181,0,0,0
25048,25048,,1,182,0,0,0
25021,25021,,1,183,0,0,0
22001,22001,,9,184,0,0,0
24764,24764,,1,185,0,0,0
25028,25028,,1,186,0,0,0
24830,24830,,2,187,0,0,0
3964,3964,,1,188,0,0,0
3985,3985,,27,189,0,0,0
24863,24863,,1,190,0,0,0
24969,24969,,1,191,0,0,0
24910,24910,,1,192,0,0,0
25082,25082,,1,193,0,0,0
24381,24381,,1,194,0,0,0
15721,15721,,6,195,0,0,0
3989,3989,,10,196,0,0,0
3955,3955,,3,197,0,0,0
3824,3824,,10,198,0,0,0
19381,19381,,6,199,0,0,0
24773,24773,,1,200,0,0,0
25023,25023,,1,201,0,0,0
24967,24967,,1,202,0,0,0
18421,18421,,7,203,0,0,0
13282,13282,,26,204,0,0,0
25025,25025,,1,205,0,0,0
24729,24729,,1,206,0,0,0
24878,24878,,1,207,0,0,0
25024,25024,,1,208,0,0,0
24171,24171,,1,209,0,0,0
12861,12861,,4,210,0,0,0
25081,25081,,1,211,0,0,0
24310,24310,,1,212,0,0,0
9041,9041,,1,213,0,0,0
22781,22781,,1,214,0,0,0
24924,24924,,1,215,0,0,0
24779,24779,,1,216,0,0,0
22141,22141,,1,217,0,0,0
8961,8961,,2,218,0,0,0
24966,24966,,1,219,0,0,0
23942,23942,,1,220,0,0,0
20547,20547,,1,221,0,0,0
18461,18461,,2,222,0,0,0
24909,24909,,1,223,0,0,0
12521,12521,,2,224,0,0,0
4203,4203,,2,225,0,0,0
11381,11381,,6,226,0,0,0
16541,16541,,3,227,0,0,0
24503,24503,,1,228,0,0,0
21802,21802,,1,229,0,0,0
4065,4065,,2,230,0,0,0
24763,24763,,2,231,0,0,0
20841,20841,,5,232,0,0,0
25052,25052,,1,233,0,0,0
24720,24720,,2,234,0,0,0
24968,24968,,1,235,0,0,0
3996,3996,,5,236,0,0,0
23941,23941,,1,237,0,0,0
21261,21261,,3,238,0,0,0
24563,24563,,2,239,0,0,0
20641,20641,,2,240,0,0,0
24644,24644,,1,241,0,0,0
24778,24778,,1,242,0,0,0
3991,3991,,5,243,0,0,0
22901,22901,,1,244,0,0,0
24904,24904,,1,245,0,0,0
24698,24698,,1,246,0,0,0
24609,24609,,1,247,0,0,0
24742,24742,,1,248,0,0,0
24679,24679,,1,249,0,0,0
24887,24887,,1,250,0,0,0
25046,25046,,1,251,0,0,0
24692,24692,,1,252,0,0,0
20581,20581,,1,253,0,0,0
11941,11941,,1,254,0,0,0
16542,16542,,2,255,0,0,0
24861,24861,,2,256,0,0,0
23828,23828,,1,257,0,0,0
23501,23501,,1,258,0,0,0
24784,24784,,1,259,0,0,0
21844,21844,,1,260,0,0,0
24780,24780,,1,261,0,0,0
24734,24734,,1,262,0,0,0
6163,6163,,4,263,0,0,0
24323,24323,,1,264,0,0,0
24766,24766,,1,265,0,0,0
23943,23943,,2,266,0,0,0
23621,23621,,2,267,0,0,0
24302,24302,,1,268,0,0,0
19481,19481,,1,269,0,0,0
24423,24423,,1,270,0,0,0
13701,13701,,1,271,0,0,0
4180,4180,,11,272,0,0,0
13781,13781,,2,273,0,0,0
12241,12241,,3,274,0,0,0
24313,24313,,1,275,0,0,0
24785,24785,,1,276,0,0,0
4214,4214,,1,277,0,0,0
24103,24103,,1,278,0,0,0
17901,17901,,2,279,0,0,0
10801,10801,,2,280,0,0,0
23902,23902,,1,281,0,0,0
22261,22261,,1,282,0,0,0
4219,4219,,25,283,0,0,0
23141,23141,,1,284,0,0,0
24164,24164,,1,285,0,0,0
20801,20801,,3,286,0,0,0
24699,24699,,1,287,0,0,0
24961,24961,,1,288,0,0,0
24314,24314,,1,289,0,0,0
24840,24840,,1,290,0,0,0
19902,19902,,1,291,0,0,0
18362,18362,,1,292,0,0,0
22204,22204,,1,293,0,0,0
19904,19904,,1,294,0,0,0
24865,24865,,1,295,0,0,0
24674,24674,,1,296,0,0,0
24730,24730,,1,297,0,0,0
22203,22203,,1,298,0,0,0
22181,22181,,1,299,0,0,0
24721,24721,,1,300,0,0,0
4064,4064,,22,301,0,0,0
24727,24727,,1,302,0,0,0
24747,24747,,1,303,0,0,0
24722,24722,,1,304,0,0,0
8201,8201,,1,305,0,0,0
24842,24842,,1,306,0,0,0
24786,24786,,1,307,0,0,0
24642,24642,,1,308,0,0,0
24963,24963,,1,309,0,0,0
3917,3917,,2,310,0,0,0
23521,23521,,2,311,0,0,0
24421,24421,,2,312,0,0,0
4150,4150,,11,313,0,0,0
24627,24627,,1,314,0,0,0
21845,21845,,1,315,0,0,0
24282,24282,,1,316,0,0,0
24284,24284,,1,317,0,0,0
19221,19221,,2,318,0,0,0
24104,24104,,1,319,0,0,0
24684,24684,,2,320,0,0,0
23381,23381,,2,321,0,0,0
8081,8081,,1,322,0,0,0
3799,3799,,1,323,0,0,0
24562,24562,,1,324,0,0,0
19981,19981,,1,325,0,0,0
24731,24731,,1,326,0,0,0
24864,24864,,1,327,0,0,0
24866,24866,,1,328,0,0,0
24881,24881,,1,329,0,0,0
17801,17801,,1,330,0,0,0
24063,24063,,1,331,0,0,0
4371,4371,,13,332,0,0,0
4143,4143,,1,333,0,0,0
16921,16921,,1,334,0,0,0
3997,3997,,1,335,0,0,0
4266,4266,,1,336,0,0,0
24172,24172,,1,337,0,0,0
4218,4218,,1,338,0,0,0
15161,15161,,1,339,0,0,0
21701,21701,,2,340,0,0,0
15221,15221,,1,341,0,0,0
4255,4255,,2,342,0,0,0
8421,8421,,2,343,0,0,0
5361,5361,,4,344,0,0,0
9161,9161,,1,345,0,0,0
11781,11781,,2,346,0,0,0
14301,14301,,2,347,0,0,0
4029,4029,,1,348,0,0,0
17602,17602,,1,349,0,0,0
6621,6621,,2,350,0,0,0
13801,13801,,1,351,0,0,0
18603,18603,,2,352,0,0,0
4330,4330,,2,353,0,0,0
6401,6401,,1,354,0,0,0
21803,21803,,1,355,0,0,0
5301,5301,,1,356,0,0,0
5302,5302,,2,357,0,0,0
4016,4016,,13,358,0,0,0
16561,16561,,1,359,0,0,0
23601,23601,,1,360,0,0,0
19183,19183,,1,361,0,0,0
3763,3763,,2,362,0,0,0
4242,4242,,5,363,0,0,0
4285,4285,,2,364,0,0,0
9081,9081,,11,365,0,0,0
6961,6961,,2,366,0,0,0
20533,20533,,1,367,0,0,0
21241,21241,,2,368,0,0,0
22762,22762,,1,369,0,0,0
3756,3756,,6,370,0,0,0
11281,11281,,1,371,0,0,0
11465,11465,,1,372,0,0,0
12561,12561,,1,373,0,0,0
22561,22561,,1,374,0,0,0
4048,4048,,1,375,0,0,0
22904,22904,,1,376,0,0,0
7202,7202,,1,377,0,0,0
12301,12301,,3,378,0,0,0
3882,3882,,3,379,0,0,0
4200,4200,,1,380,0,0,0
8682,8682,,1,381,0,0,0
5825,5825,,2,382,0,0,0
4683,4683,,3,383,0,0,0
3780,3780,,3,384,0,0,0
4076,4076,,1,385,0,0,0
16681,16681,,1,386,0,0,0
3940,3940,,4,387,0,0,0
5965,5965,,1,388,0,0,0
22221,22221,,1,389,0,0,0
4130,4130,,1,390,0,0,0
20206,20206,,2,391,0,0,0
3986,3986,,4,392,0,0,0
15661,15661,,5,393,0,0,0
4122,4122,,2,394,0,0,0
4353,4353,,1,395,0,0,0
20167,20167,,1,396,0,0,0
4152,4152,,2,397,0,0,0
3926,3926,,5,398,0,0,0
5282,5282,,2,399,0,0,0
20566,20566,,2,400,0,0,0
4826,4826,,1,401,0,0,0
3972,3972,,6,402,0,0,0
8301,8301,,1,403,0,0,0
5403,5403,,2,404,0,0,0
4226,4226,,3,405,0,0,0
20345,20345,,1,406,0,0,0
17881,17881,,1,407,0,0,0
6850,6850,,2,408,0,0,0
3793,3793,,3,409,0,0,0
3822,3822,,1,410,0,0,0
3992,3992,,8,411,0,0,0
20042,20042,,7,412,0,0,0
20564,20564,,1,413,0,0,0
3919,3919,,5,414,0,0,0
4095,4095,,1,415,0,0,0
9762,9762,,1,416,0,0,0
15701,15701,,1,417,0,0,0
4111,4111,,1,418,0,0,0
3792,3792,,6,419,0,0,0
4253,4253,,2,420,0,0,0
4075,4075,,4,421,0,0,0
17541,17541,,2,422,0,0,0
10262,10262,,1,423,0,0,0
7001,7001,,1,424,0,0,0
12481,12481,,4,425,0,0,0
4247,4247,,2,426,0,0,0
4061,4061,,1,427,0,0,0
16181,16181,,1,428,0,0,0
9602,9602,,1,429,0,0,0
21661,21661,,1,430,0,0,0
12981,12981,,1,431,0,0,0
3788,3788,,3,432,0,0,0
4115,4115,,1,433,0,0,0
17005,17005,,3,434,0,0,0
3814,3814,,2,435,0,0,0
6342,6342,,4,436,0,0,0
3943,3943,,2,437,0,0,0
24311,24311,,1,438,0,0,0
3853,3853,,1,439,0,0,0
10501,10501,,1,440,0,0,0
9281,9281,,2,441,0,0,0
14563,14563,,1,442,0,0,0
14184,14184,,1,443,0,0,0
14541,14541,,1,444,0,0,0
7641,7641,,1,445,0,0,0
5561,5561,,1,446,0,0,0
3806,3806,,1,447,0,0,0
3798,3798,,1,448,0,0,0
4099,4099,,1,449,0,0,0
21961,21961,,1,450,0,0,0
4243,4243,,2,451,0,0,0
23926,23926,,2,452,0,0,0
6702,6702,,1,453,0,0,0
3835,3835,,1,454,0,0,0
9341,9341,,1,455,0,0,0
3913,3913,,1,456,0,0,0
15881,15881,,1,457,0,0,0
15121,15121,,2,458,0,0,0
3892,3892,,1,459,0,0,0
4182,4182,,1,460,0,0,0
14682,14682,,1,461,0,0,0
20502,20502,,1,462,0,0,0
3759,3759,,2,463,0,0,0
8341,8341,,4,464,0,0,0
4282,4282,,2,465,0,0,0
18321,18321,,1,466,0,0,0
19863,19863,,1,467,0,0,0
9403,9403,,1,468,0,0,0
3858,3858,,1,469,0,0,0
3950,3950,,1,470,0,0,0
9781,9781,,1,471,0,0,0
23930,23930,,2,472,0,0,0
13261,13261,,1,473,0,0,0
12581,12581,,1,474,0,0,0
3939,3939,,2,475,0,0,0
4457,4457,,1,476,0,0,0
8161,8161,,4,477,0,0,0
7003,7003,,3,478,0,0,0
12202,12202,,1,479,0,0,0
6524,6524,,3,480,0,0,0
6181,6181,,1,481,0,0,0
4166,4166,,2,482,0,0,0
17761,17761,,1,483,0,0,0
4339,4339,,4,484,0,0,0
18884,18884,,1,485,0,0,0
4357,4357,,1,486,0,0,0
9162,9162,,1,487,0,0,0
3768,3768,,1,488,0,0,0
11524,11524,,1,489,0,0,0
8181,8181,,10,490,0,0,0
12061,12061,,4,491,0,0,0
17603,17603,,1,492,0,0,0
4154,4154,,1,493,0,0,0
3766,3766,,3,494,0,0,0
20565,20565,,1,495,0,0,0
4297,4297,,1,496,0,0,0
20721,20721,,3,497,0,0,0
11961,11961,,1,498,0,0,0
9083,9083,,1,499,0,0,0
4059,4059,,1,500,0,0,0
3891,3891,,1,501,0,0,0
4050,4050,,1,502,0,0,0
4227,4227,,1,503,0,0,0
5901,5901,,2,504,0,0,0
14186,14186,,1,505,0,0,0
6403,6403,,2,506,0,0,0
19382,19382,,1,507,0,0,0
23925,23925,,2,508,0,0,0
4086,4086,,2,509,0,0,0
4306,4306,,1,510,0,0,0
4268,4268,,1,511,0,0,0
3948,3948,,2,512,0,0,0
4648,4648,,1,513,0,0,0
3947,3947,,1,514,0,0,0
14901,14901,,1,515,0,0,0
3834,3834,,2,516,0,0,0
3888,3888,,3,517,0,0,0
16761,16761,,1,518,0,0,0
21461,21461,,1,519,0,0,0
9541,9541,,1,520,0,0,0
20303,20303,,1,521,0,0,0
17181,17181,,1,522,0,0,0
20209,20209,,1,523,0,0,0
3804,3804,,2,524,0,0,0
4106,4106,,1,525,0,0,0
4647,4647,,2,526,0,0,0
14441,14441,,4,527,0,0,0
10561,10561,,1,528,0,0,0
20741,20741,,1,529,0,0,0
16461,16461,,2,530,0,0,0
3764,3764,,1,531,0,0,0
24224,24224,,1,532,0,0,0
9464,9464,,3,533,0,0,0
13041,13041,,1,534,0,0,0
13141,13141,,2,535,0,0,0
4041,4041,,1,536,0,0,0
4087,4087,,1,537,0,0,0
4108,4108,,2,538,0,0,0
16642,16642,,2,539,0,0,0
4681,4681,,1,540,0,0,0
4174,4174,,1,541,0,0,0
21343,21343,,1,542,0,0,0
11661,11661,,1,543,0,0,0
22802,22802,,2,544,0,0,0
9441,9441,,1,545,0,0,0
5823,5823,,1,546,0,0,0
3929,3929,,2,547,0,0,0
12601,12601,,1,548,0,0,0
4320,4320,,1,549,0,0,0
4324,4324,,2,550,0,0,0
13361,13361,,1,551,0,0,0
6741,6741,,1,552,0,0,0
19841,19841,,2,553,0,0,0
7421,7421,,1,554,0,0,0
6703,6703,,3,555,0,0,0
4034,4034,,1,556,0,0,0
8681,8681,,1,557,0,0,0
5261,5261,,3,558,0,0,0
7043,7043,,1,559,0,0,0
24141,24141,,1,560,0,0,0
3961,3961,,2,561,0,0,0
23161,23161,,1,562,0,0,0
22021,22021,,1,563,0,0,0
4317,4317,,2,564,0,0,0
12621,12621,,1,565,0,0,0
4158,4158,,1,566,0,0,0
20143,20143,,1,567,0,0,0
17601,17601,,1,568,0,0,0
9842,9842,,1,569,0,0,0
11001,11001,,1,570,0,0,0
3951,3951,,14,571,0,0,0
4131,4131,,1,572,0,0,0
7541,7541,,2,573,0,0,0
11901,11901,,1,574,0,0,0
4315,4315,,2,575,0,0,0
4362,4362,,4,576,0,0,0
7201,7201,,1,577,0,0,0
23927,23927,,1,578,0,0,0
19801,19801,,1,579,0,0,0
24441,24441,,1,580,0,0,0
6562,6562,,2,581,0,0,0
22908,22908,,1,582,0,0,0
16941,16941,,2,583,0,0,0
19821,19821,,1,584,0,0,0
19901,19901,,1,585,0,0,0
18361,18361,,2,586,0,0,0
21801,21801,,2,587,0,0,0
22124,22124,,1,588,0,0,0
16581,16581,,1,589,0,0,0
15901,15901,,1,590,0,0,0
22361,22361,,1,591,0,0,0
8821,8821,,2,592,0,0,0
4083,4083,,2,593,0,0,0
7841,7841,,1,594,0,0,0
3904,3904,,1,595,0,0,0
20101,20101,,1,596,0,0,0
4092,4092,,2,597,0,0,0
3802,3802,,1,598,0,0,0
21301,21301,,1,599,0,0,0
6701,6701,,1,600,0,0,0
11496,11496,,1,601,0,0,0
4351,4351,,1,602,0,0,0
16022,16022,,2,603,0,0,0
5362,5362,,1,604,0,0,0
4294,4294,,1,605,0,0,0
20141,20141,,1,606,0,0,0
4336,4336,,3,607,0,0,0
14961,14961,,1,608,0,0,0
9661,9661,,1,609,0,0,0
17063,17063,,1,610,0,0,0
9422,9422,,1,611,0,0,0
19342,19342,,1,612,0,0,0
4344,4344,,2,613,0,0,0
21221,21221,,1,614,0,0,0
4541,4541,,2,615,0,0,0
3869,3869,,2,616,0,0,0
5161,5161,,1,617,0,0,0
4345,4345,,1,618,0,0,0
4280,4280,,1,619,0,0,0
14121,14121,,13,620,0,0,0
22601,22601,,1,621,0,0,0
18641,18641,,1,622,0,0,0
11681,11681,,1,623,0,0,0
6525,6525,,2,624,0,0,0
20441,20441,,1,625,0,0,0
4089,4089,,2,626,0,0,0
3936,3936,,1,627,0,0,0
14182,14182,,1,628,0,0,0
16361,16361,,1,629,0,0,0
4326,4326,,2,630,0,0,0
12101,12101,,1,631,0,0,0
19905,19905,,1,632,0,0,0
24201,24201,,1,633,0,0,0
9802,9802,,2,634,0,0,0
22642,22642,,1,635,0,0,0
11541,11541,,1,636,0,0,0
5704,5704,,1,637,0,0,0
4262,4262,,1,638,0,0,0
5284,5284,,1,639,0,0,0
11521,11521,,1,640,0,0,0
10421,10421,,1,641,0,0,0
18301,18301,,2,642,0,0,0
18681,18681,,1,643,0,0,0
11361,11361,,1,644,0,0,0
20942,20942,,1,645,0,0,0
9881,9881,,1,646,0,0,0
3983,3983,,2,647,0,0,0
9021,9021,,1,648,0,0,0
3840,3840,,2,649,0,0,0
4047,4047,,1,650,0,0,0
18341,18341,,1,651,0,0,0
21021,21021,,1,652,0,0,0
14581,14581,,1,653,0,0,0
14183,14183,,1,654,0,0,0
22161,22161,,1,655,0,0,0
10582,10582,,2,656,0,0,0
8001,8001,,1,657,0,0,0
20081,20081,,1,658,0,0,0
3876,3876,,2,659,0,0,0
4827,4827,,1,660,0,0,0
3969,3969,,1,661,0,0,0
4488,4488,,2,662,0,0,0
5141,5141,,1,663,0,0,0
24610,24610,,1,664,0,0,0
16741,16741,,1,665,0,0,0
11401,11401,,1,666,0,0,0
4032,4032,,2,667,0,0,0
4295,4295,,1,668,0,0,0
20582,20582,,1,669,0,0,0
11341,11341,,1,670,0,0,0
6421,6421,,1,671,0,0,0
5061,5061,,1,672,0,0,0
4123,4123,,1,673,0,0,0
15041,15041,,1,674,0,0,0
7102,7102,,1,675,0,0,0
3883,3883,,1,676,0,0,0
3749,3749,,1,677,0,0,0
20344,20344,,1,678,0,0,0
3737,3737,,1,679,0,0,0
23341,23341,,1,680,0,0,0
4293,4293,,1,681,0,0,0
10202,10202,,1,682,0,0,0
13561,13561,,1,683,0,0,0
9163,9163,,1,684,0,0,0
11161,11161,,1,685,0,0,0
14501,14501,,1,686,0,0,0
5581,5581,,1,687,0,0,0
10741,10741,,1,688,0,0,0
4325,4325,,1,689,0,0,0
4642,4642,,2,690,0,0,0
7401,7401,,2,691,0,0,0
13322,13322,,1,692,0,0,0
8801,8801,,1,693,0,0,0
20228,20228,,1,694,0,0,0
3848,3848,,1,695,0,0,0
3898,3898,,1,696,0,0,0
4703,4703,,1,697,0,0,0
24146,24146,,1,698,0,0,0
14381,14381,,1,699,0,0,0
3742,3742,,1,700,0,0,0
4141,4141,,1,701,0,0,0
4105,4105,,1,702,0,0,0
5621,5621,,1,703,0,0,0
14181,14181,,1,704,0,0,0
7044,7044,,1,705,0,0,0
18823,18823,,1,706,0,0,0
6081,6081,,1,707,0,0,0
4188,4188,,4,708,0,0,0
19186,19186,,1,709,0,0,0
19121,19121,,1,710,0,0,0
3828,3828,,2,711,0,0,0
23823,23823,,1,712,0,0,0
17604,17604,,1,713,0,0,0
4643,4643,,1,714,0,0,0
4191,4191,,2,715,0,0,0
4046,4046,,1,716,0,0,0
10701,10701,,1,717,0,0,0
22903,22903,,1,718,0,0,0
7143,7143,,1,719,0,0,0
3933,3933,,3,720,0,0,0
21741,21741,,1,721,0,0,0
17221,17221,,1,722,0,0,0
15461,15461,,1,723,0,0,0
5103,5103,,1,724,0,0,0
18841,18841,,1,725,0,0,0
21583,21583,,1,726,0,0,0
22321,22321,,1,727,0,0,0
13001,13001,,1,728,0,0,0
19185,19185,,1,729,0,0,0
4026,4026,,1,730,0,0,0
20062,20062,,1,731,0,0,0
15301,15301,,1,732,0,0,0
22962,22962,,1,733,0,0,0
4602,4602,,1,734,0,0,0
3829,3829,,1,735,0,0,0
12941,12941,,1,736,0,0,0
9821,9821,,1,737,0,0,0
9641,9641,,1,738,0,0,0
16221,16221,,1,739,0,0,0
4230,4230,,1,740,0,0,0
4279,4279,,1,741,0,0,0
15561,15561,,1,742,0,0,0
20304,20304,,1,743,0,0,0
6901,6901,,1,744,0,0,0
8381,8381,,2,745,0,0,0
6521,6521,,1,746,0,0,0
8901,8901,,1,747,0,0,0
19343,19343,,1,748,0,0,0
11841,11841,,1,749,0,0,0
20041,20041,,1,750,0,0,0
20821,20821,,1,751,0,0,0
15481,15481,,1,752,0,0,0
21061,21061,,1,753,0,0,0
4281,4281,,1,754,0,0,0
10041,10041,,2,755,0,0,0
10261,10261,,1,756,0,0,0
4661,4661,,1,757,0,0,0
19182,19182,,1,758,0,0,0
19184,19184,,1,759,0,0,0
13341,13341,,1,760,0,0,0
9121,9121,,1,761,0,0,0
23523,23523,,1,762,0,0,0
16781,16781,,1,763,0,0,0
20302,20302,,2,764,0,0,0
18606,18606,,1,765,0,0,0
4263,4263,,1,766,0,0,0
21582,21582,,1,767,0,0,0
22542,22542,,1,768,0,0,0
5502,5502,,1,769,0,0,0
4119,4119,,1,770,0,0,0
7901,7901,,1,771,0,0,0
4132,4132,,1,772,0,0,0
8581,8581,,1,773,0,0,0
19161,19161,,1,774,0,0,0
6662,6662,,1,775,0,0,0
9342,9342,,1,776,0,0,0
14185,14185,,1,777,0,0,0
7861,7861,,1,778,0,0,0
20961,20961,,1,779,0,0,0
19921,19921,,1,780,0,0,0
13741,13741,,1,781,0,0,0
13081,13081,,1,782,0,0,0
17162,17162,,1,783,0,0,0
21141,21141,,1,784,0,0,0
14281,14281,,1,785,0,0,0
3880,3880,,1,786,0,0,0
22921,22921,,1,787,0,0,0
21181,21181,,1,788,0,0,0
21761,21761,,1,789,0,0,0
20546,20546,,2,790,0,0,0
10961,10961,,1,791,0,0,0
22881,22881,,1,792,0,0,0
17161,17161,,1,793,0,0,0
14881,14881,,1,794,0,0,0
19341,19341,,1,795,0,0,0
13121,13121,,2,796,0,0,0
11081,11081,,1,797,0,0,0
4220,4220,,2,798,0,0,0
8261,8261,,1,799,0,0,0
19741,19741,,1,800,0,0,0
4356,4356,,1,801,0,0,0
20381,20381,,1,802,0,0,0
6223,6223,,1,803,0,0,0
21621,21621,,1,804,0,0,0
19401,19401,,1,805,0,0,0
17721,17721,,1,806,0,0,0
3810,3810,,1,807,0,0,0
3949,3949,,1,808,0,0,0
5702,5702,,1,809,0,0,0
3918,3918,,1,810,0,0,0
4139,4139,,1,811,0,0,0
10081,10081,,1,812,0,0,0
4181,4181,,1,813,0,0,0
17842,17842,,1,814,0,0,0
10881,10881,,1,815,0,0,0
22123,22123,,1,816,0,0,0
23924,23924,,1,817,0,0,0
21341,21341,,1,818,0,0,0
22362,22362,,1,819,0,0,0
18041,18041,,1,820,0,0,0
24285,24285,,1,821,0,0,0
4215,4215,,1,822,0,0,0
21601,21601,,1,823,0,0,0
24281,24281,,1,824,0,0,0
4645,4645,,1,825,0,0,0
21342,21342,,1,826,0,0,0
6141,6141,,1,827,0,0,0
3736,3736,,1,828,0,0,0
11181,11181,,2,829,0,0,0
19442,19442,,1,830,0,0,0
22022,22022,,1,831,0,0,0
20501,20501,,1,832,0,0,0
22861,22861,,1,833,0,0,0
4646,4646,,1,834,0,0,0
14062,14062,,1,835,0,0,0
4821,4821,,1,836,0,0,0
8501,8501,,1,837,0,0,0
12081,12081,,1,838,0,0,0
9344,9344,,1,839,0,0,0
19101,19101,,1,840,0,0,0
5104,5104,,1,841,0,0,0
22902,22902,,1,842,0,0,0
23181,23181,,1,843,0,0,0
7341,7341,,1,844,0,0,0
17661,17661,,1,845,0,0,0
3887,3887,,1,846,0,0,0
15981,15981,,1,847,0,0,0
13861,13861,,1,848,0,0,0
21381,21381,,1,849,0,0,0
24611,24611,,1,850,0,0,0
21943,21943,,1,851,0,0,0
4271,4271,,1,852,0,0,0
6224,6224,,1,853,0,0,0
22061,22061,,1,854,0,0,0
5123,5123,,1,855,0,0,0
7521,7521,,1,856,0,0,0
4289,4289,,1,857,0,0,0
4222,4222,,1,858,0,0,0
17421,17421,,1,859,0,0,0
12582,12582,,1,860,0,0,0
4425,4425,,1,861,0,0,0
19641,19641,,1,862,0,0,0
3860,3860,,1,863,0,0,0
10521,10521,,1,864,0,0,0
15921,15921,,1,865,0,0,0
24342,24342,,1,866,0,0,0
16881,16881,,1,867,0,0,0
19961,19961,,1,868,0,0,0
9981,9981,,1,869,0,0,0
16121,16121,,1,870,0,0,0
4156,4156,,1,871,0,0,0
4828,4828,,1,872,0,0,0
4476,4476,,1,873,0,0,0
18904,18904,,1,874,0,0,0
6661,6661,,1,875,0,0,0
3978,3978,,1,876,0,0,0
19862,19862,,2,877,0,0,0
19181,19181,,1,878,0,0,0
20781,20781,,1,879,0,0,0
9061,9061,,1,880,0,0,0
3778,3778,,1,881,0,0,0
12281,12281,,1,882,0,0,0
12102,12102,,1,883,0,0,0
21804,21804,,1,884,0,0,0
11495,11495,,1,885,0,0,0
9343,9343,,1,886,0,0,0
21842,21842,,1,887,0,0,0
11488,11488,,1,888,0,0,0
4093,4093,,1,889,0,0,0
4213,4213,,1,890,0,0,0
24461,24461,,1,891,0,0,0
22205,22205,,1,892,0,0,0
23642,23642,,1,893,0,0,0
3818,3818,,1,894,0,0,0
20503,20503,,1,895,0,0,0
18621,18621,,1,896,0,0,0
4058,4058,,1,897,0,0,0
10522,10522,,1,898,0,0,0
19683,19683,,1,899,0,0,0
20222,20222,,1,900,0,0,0
23661,23661,,1,901,0,0,0
4128,4128,,1,902,0,0,0
8121,8121,,1,903,0,0,0
21121,21121,,1,904,0,0,0
4102,4102,,1,905,0,0,0
20165,20165,,1,906,0,0,0
19681,19681,,1,907,0,0,0
22281,22281,,1,908,0,0,0
18661,18661,,1,909,0,0,0
10641,10641,,1,910,0,0,0
11441,11441,,1,911,0,0,0
15381,15381,,1,912,0,0,0
3974,3974,,1,913,0,0,0
4023,4023,,1,914,0,0,0
25131,25131,,1,915,0,0,0
25189,25189,,1,916,0,0,0
24309,24309,,1,917,0,0,0
24061,24061,,1,918,0,0,0
24725,24725,,1,919,0,0,0
24308,24308,,1,920,0,0,0
25124,25124,,1,921,0,0,0
25192,25192,,1,922,0,0,0
25123,25123,,1,923,0,0,0
25138,25138,,1,924,0,0,0
25184,25184,,1,925,0,0,0
14361,14361,,1,926,0,0,0
25203,25203,,1,927,0,0,0
25208,25208,,2,928,0,0,0
18401,18401,,1,929,0,0,0
16742,16742,,1,930,0,0,0
25150,25150,,1,931,0,0,0
25175,25175,,1,932,0,0,0
25226,25226,,1,933,0,0,0
25177,25177,,1,934,0,0,0
25212,25212,,1,935,0,0,0
25201,25201,,1,936,0,0,0
25102,25102,,1,937,0,0,0
18141,18141,,1,938,0,0,0
24664,24664,,1,939,0,0,0
25198,25198,,1,940,0,0,0
24723,24723,,1,941,0,0,0
25230,25230,,1,942,0,0,0
25132,25132,,1,943,0,0,0
25172,25172,,1,944,0,0,0
24177,24177,,1,945,0,0,0
0,0,,0,946,0,0,0
